index	group	id	filename	url
01	horizontal	2942199	01_horizontal_2942199.jpg	https://i.kym-cdn.com/photos/images/original/002/942/199/949
02	horizontal	3200498	02_horizontal_3200498.jpg	https://i.kym-cdn.com/photos/images/original/003/200/498/0a1.jpg
03	horizontal	2870870	03_horizontal_2870870.jpg	https://i.kym-cdn.com/photos/images/original/002/870/870/e25
04	horizontal	2942198	04_horizontal_2942198.jpg	https://i.kym-cdn.com/photos/images/original/002/942/198/7c8
05	horizontal	2870744	05_horizontal_2870744.jpg	https://i.kym-cdn.com/photos/images/original/002/870/744/535
06	horizontal	2863887	06_horizontal_2863887.png	https://i.kym-cdn.com/photos/images/original/002/863/887/414
07	horizontal	2812971	07_horizontal_2812971.jpg	https://i.kym-cdn.com/photos/images/original/002/812/971/94a.gif
08	horizontal	2774695	08_horizontal_2774695.png	https://i.kym-cdn.com/photos/images/original/002/774/695/4f8
09	horizontal	2812512	09_horizontal_2812512.jpg	https://i.kym-cdn.com/photos/images/original/002/812/512/77b
10	horizontal	2831258	10_horizontal_2831258.jpg	https://i.kym-cdn.com/photos/images/original/002/831/258/b8e
11	square	2975712	11_square_2975712.jpg	https://i.kym-cdn.com/photos/images/original/002/975/712/b4d
12	square	2942854	12_square_2942854.jpg	https://i.kym-cdn.com/photos/images/original/002/942/854/b13
13	square	2968664	13_square_2968664.jpg	https://i.kym-cdn.com/photos/images/original/002/968/664/2fa
14	square	3194286	14_square_3194286.png	https://i.kym-cdn.com/photos/images/original/003/194/286/140.png
15	square	2850096	15_square_2850096.jpg	https://i.kym-cdn.com/photos/images/original/002/850/096/08f
16	square	2915737	16_square_2915737.jpg	https://i.kym-cdn.com/photos/images/original/002/915/737/631
17	square	2849685	17_square_2849685.jpg	https://i.kym-cdn.com/photos/images/original/002/849/685/f0e
18	square	2838431	18_square_2838431.jpg	https://i.kym-cdn.com/photos/images/original/002/838/431/12a
19	square	2788419	19_square_2788419.png	https://i.kym-cdn.com/photos/images/original/002/788/419/2ed.png
20	square	2773062	20_square_2773062.jpg	https://i.kym-cdn.com/photos/images/original/002/773/062/4ef
21	vertical	2959125	21_vertical_2959125.jpg	https://i.kym-cdn.com/photos/images/original/002/959/125/0c4
22	vertical	3216968	22_vertical_3216968.jpg	https://i.kym-cdn.com/photos/images/original/003/216/968/9ef.gif
23	vertical	3248740	23_vertical_3248740.jpg	https://i.kym-cdn.com/photos/images/original/003/248/740/004
24	vertical	2959124	24_vertical_2959124.jpg	https://i.kym-cdn.com/photos/images/original/002/959/124/c99
25	vertical	2953326	25_vertical_2953326.jpg	https://i.kym-cdn.com/photos/images/original/002/953/326/442
26	vertical	3246718	26_vertical_3246718.jpg	https://i.kym-cdn.com/photos/images/original/003/246/718/3ed
27	vertical	2916435	27_vertical_2916435.jpg	https://i.kym-cdn.com/photos/images/original/002/916/435/fbd
28	vertical	2880707	28_vertical_2880707.jpg	https://i.kym-cdn.com/photos/images/original/002/880/707/746
29	vertical	2801526	29_vertical_2801526.jpg	https://i.kym-cdn.com/photos/images/original/002/801/526/448
30	vertical	2807167	30_vertical_2807167.jpg	https://i.kym-cdn.com/photos/images/original/002/807/167/e1e
